model_id,test_accuracy,loss_value
0,0.18666666746139526,2.217125654220581
