model_id,test_accuracy,loss_value
0,0.15000000596046448,2.278583288192749
